<?xml version="1.0" encoding="UTF-8"?>
<project-private xmlns="http://www.netbeans.org/ns/project-private/1">
    <editor-bookmarks xmlns="http://www.netbeans.org/ns/editor-bookmarks/2" lastBookmarkId="0"/>
    <open-files xmlns="http://www.netbeans.org/ns/projectui-open-files/2">
        <group>
            <file>file:/C:/Users/SACHINDU%20JAYASOORIYA/Documents/NetBeansProjects/stockcontrol/src/java/com/example/DatabaseUtil.java</file>
            <file>file:/C:/Users/SACHINDU%20JAYASOORIYA/Documents/NetBeansProjects/stockcontrol/src/java/com/example/AddStockServlet.java</file>
            <file>file:/C:/Users/SACHINDU%20JAYASOORIYA/Documents/NetBeansProjects/stockcontrol/web/login.html</file>
            <file>file:/C:/Users/SACHINDU%20JAYASOORIYA/Documents/NetBeansProjects/stockcontrol/src/java/com/example/StockManagementServlet.java</file>
            <file>file:/C:/Users/SACHINDU%20JAYASOORIYA/Documents/NetBeansProjects/stockcontrol/src/java/com/example/LoginServlet.java</file>
            <file>file:/C:/Users/SACHINDU%20JAYASOORIYA/Documents/NetBeansProjects/stockcontrol/web/addStock.html</file>
        </group>
    </open-files>
</project-private>
